model,seed,epoch,loss,val_loss,accuracy,val_accuracy
mlp,0,1,0.396474,0.190585,0.883613,0.939323
mlp,0,2,0.172193,0.14004,0.948149,0.954326
mlp,0,3,0.129086,0.109203,0.961501,0.964161
mlp,0,4,0.104182,0.099635,0.968834,0.969495
mlp,0,5,0.087926,0.091008,0.972982,0.972829
mlp,0,6,0.074947,0.091568,0.976963,0.971495
mlp,0,7,0.066874,0.090112,0.978834,0.972495
mlp,0,8,0.061186,0.089724,0.980315,0.974496
mlp,0,9,0.054607,0.096549,0.982611,0.971329
mlp,0,10,0.049285,0.091101,0.983871,0.973996
mlp,1,1,0.412784,0.199384,0.879002,0.937156
mlp,1,2,0.180945,0.139483,0.946371,0.956826
mlp,1,3,0.131521,0.118554,0.959908,0.963494
mlp,1,4,0.107134,0.101779,0.96676,0.969828
mlp,1,5,0.090823,0.095743,0.972519,0.972162
mlp,1,6,0.076725,0.093194,0.975963,0.971995
mlp,1,7,0.069799,0.093634,0.97813,0.972996
mlp,1,8,0.061673,0.089334,0.98013,0.973662
mlp,1,9,0.055981,0.090413,0.981574,0.973829
mlp,1,10,0.050194,0.090308,0.983815,0.972829
mlp,2,1,0.398936,0.18016,0.883447,0.946824
mlp,2,2,0.172371,0.134014,0.94876,0.959993
mlp,2,3,0.127755,0.107996,0.961056,0.967328
mlp,2,4,0.102637,0.09635,0.969667,0.969995
mlp,2,5,0.087977,0.090398,0.972389,0.972329
mlp,2,6,0.076612,0.08589,0.976204,0.973996
mlp,2,7,0.067714,0.084463,0.978167,0.975996
mlp,2,8,0.060044,0.081902,0.981574,0.974162
mlp,2,9,0.054596,0.088632,0.982556,0.973662
mlp,2,10,0.050016,0.083011,0.98363,0.974162
cnn,0,1,0.218697,0.080429,0.937427,0.973829
cnn,0,2,0.059214,0.058647,0.981741,0.983497
cnn,0,3,0.040341,0.047417,0.988056,0.986331
cnn,0,4,0.030273,0.043901,0.990834,0.987665
cnn,0,5,0.023318,0.045862,0.992796,0.986998
cnn,0,6,0.017894,0.045899,0.994704,0.988498
cnn,1,1,0.217447,0.073891,0.935316,0.977496
cnn,1,2,0.055978,0.061324,0.982352,0.979997
cnn,1,3,0.038819,0.050676,0.987852,0.983997
cnn,1,4,0.028742,0.043554,0.990945,0.985831
cnn,1,5,0.021007,0.048997,0.994037,0.984831
cnn,1,6,0.016256,0.055597,0.995185,0.983331
cnn,2,1,0.217505,0.079884,0.935631,0.975996
cnn,2,2,0.058525,0.056562,0.982241,0.982664
cnn,2,3,0.040708,0.046871,0.987556,0.986664
cnn,2,4,0.029859,0.045564,0.991167,0.987498
cnn,2,5,0.022737,0.046403,0.993259,0.986998
cnn,2,6,0.017437,0.047933,0.994815,0.986664
mlp_wide,0,1,0.317664,0.147924,0.907446,0.952492
mlp_wide,0,2,0.128145,0.114249,0.961482,0.963827
mlp_wide,0,3,0.092456,0.101424,0.971501,0.970662
mlp_wide,0,4,0.072264,0.087078,0.977852,0.974329
mlp_wide,0,5,0.057396,0.081437,0.981537,0.975829
mlp_wide,0,6,0.048738,0.080506,0.98463,0.97733
mlp_wide,0,7,0.041334,0.079892,0.986648,0.976996
mlp_wide,0,8,0.035869,0.081899,0.987778,0.97783
mlp_wide,0,9,0.033957,0.087762,0.988593,0.975663
mlp_wide,1,1,0.317922,0.157477,0.905891,0.950158
mlp_wide,1,2,0.130946,0.117628,0.961482,0.961827
mlp_wide,1,3,0.095121,0.097936,0.971093,0.968828
mlp_wide,1,4,0.071302,0.088516,0.977649,0.971829
mlp_wide,1,5,0.059657,0.10695,0.981278,0.966828
mlp_wide,1,6,0.048817,0.097057,0.984185,0.969495
mlp_wide,2,1,0.308654,0.152462,0.909872,0.954659
mlp_wide,2,2,0.128465,0.10312,0.961204,0.969162
mlp_wide,2,3,0.090194,0.091016,0.973149,0.973329
mlp_wide,2,4,0.070847,0.078554,0.977778,0.974996
mlp_wide,2,5,0.058026,0.083232,0.981797,0.974496
mlp_wide,2,6,0.046793,0.078743,0.984926,0.976163
