model,bin,mean_confidence,accuracy,count
mlp,3,0.250333,0.0,2
mlp,4,0.299662,0.2,5
mlp,5,0.372533,0.40625,32
mlp,6,0.434442,0.44898,49
mlp,7,0.503477,0.47619,147
mlp,8,0.564116,0.513812,181
mlp,9,0.6341,0.64881,168
mlp,10,0.703217,0.642105,190
mlp,11,0.767691,0.764463,242
mlp,12,0.835397,0.792135,356
mlp,13,0.903526,0.877517,596
mlp,14,0.997099,0.995006,28032
cnn,3,0.251832,0.0,1
cnn,4,0.299552,0.5,2
cnn,5,0.370574,0.222222,9
cnn,6,0.436044,0.291667,24
cnn,7,0.504921,0.486111,72
cnn,8,0.567232,0.612903,93
cnn,9,0.636144,0.603604,111
cnn,10,0.69835,0.719298,114
cnn,11,0.771046,0.705882,136
cnn,12,0.836204,0.795699,186
cnn,13,0.90542,0.907781,347
cnn,14,0.998067,0.997544,28905
