model,coverage,selective_error
mlp,0.5,0.0
mlp,0.505,0.0
mlp,0.51,0.0
mlp,0.515,0.0
mlp,0.52,0.0
mlp,0.525,0.0
mlp,0.53,0.0
mlp,0.535,0.0
mlp,0.54,0.0
mlp,0.545,6.1e-05
mlp,0.55,6.1e-05
mlp,0.555,6e-05
mlp,0.56,6e-05
mlp,0.565,5.9e-05
mlp,0.57,5.8e-05
mlp,0.575,5.8e-05
mlp,0.58,5.7e-05
mlp,0.585,5.7e-05
mlp,0.59,0.000113
mlp,0.595,0.000112
mlp,0.6,0.000111
mlp,0.605,0.00011
mlp,0.61,0.000109
mlp,0.615,0.000108
mlp,0.62,0.000108
mlp,0.625,0.000107
mlp,0.63,0.000106
mlp,0.635,0.000105
mlp,0.64,0.000104
mlp,0.645,0.000103
mlp,0.65,0.000103
mlp,0.655,0.000102
mlp,0.66,0.000101
mlp,0.665,0.0001
mlp,0.67,0.000149
mlp,0.675,0.000148
mlp,0.68,0.000196
mlp,0.685,0.000195
mlp,0.69,0.000193
mlp,0.695,0.000192
mlp,0.7,0.00019
mlp,0.705,0.000236
mlp,0.71,0.000235
mlp,0.715,0.000233
mlp,0.72,0.000278
mlp,0.725,0.000276
mlp,0.73,0.00032
mlp,0.735,0.000317
mlp,0.74,0.000315
mlp,0.745,0.000313
mlp,0.75,0.000356
mlp,0.755,0.000397
mlp,0.76,0.000395
mlp,0.765,0.000392
mlp,0.77,0.000476
mlp,0.775,0.000473
mlp,0.78,0.000513
mlp,0.785,0.000552
mlp,0.79,0.000591
mlp,0.795,0.000629
mlp,0.8,0.00075
mlp,0.805,0.000787
mlp,0.81,0.000823
mlp,0.815,0.000818
mlp,0.82,0.000976
mlp,0.825,0.00101
mlp,0.83,0.001165
mlp,0.835,0.001238
mlp,0.84,0.00131
mlp,0.845,0.001302
mlp,0.85,0.001529
mlp,0.855,0.00152
mlp,0.86,0.001783
mlp,0.865,0.00185
mlp,0.87,0.002107
mlp,0.875,0.002362
mlp,0.88,0.002462
mlp,0.885,0.002486
mlp,0.89,0.002584
mlp,0.895,0.002644
mlp,0.9,0.002926
mlp,0.905,0.00302
mlp,0.91,0.00337
mlp,0.915,0.003424
mlp,0.92,0.003949
mlp,0.925,0.004396
mlp,0.93,0.004695
mlp,0.935,0.004991
mlp,0.94,0.005532
mlp,0.945,0.006102
mlp,0.95,0.006982
mlp,0.955,0.0074
mlp,0.96,0.008368
mlp,0.965,0.009534
mlp,0.97,0.010928
mlp,0.975,0.012
mlp,0.98,0.013776
mlp,0.985,0.015431
mlp,0.99,0.017609
mlp,0.995,0.020034
mlp,1.0,0.022933
cnn,0.5,0.0
cnn,0.505,0.0
cnn,0.51,0.0
cnn,0.515,0.0
cnn,0.52,0.0
cnn,0.525,0.0
cnn,0.53,0.0
cnn,0.535,0.0
cnn,0.54,0.0
cnn,0.545,0.0
cnn,0.55,0.0
cnn,0.555,0.0
cnn,0.56,0.0
cnn,0.565,0.0
cnn,0.57,0.0
cnn,0.575,0.0
cnn,0.58,0.0
cnn,0.585,0.0
cnn,0.59,0.0
cnn,0.595,0.0
cnn,0.6,0.0
cnn,0.605,0.0
cnn,0.61,0.0
cnn,0.615,0.0
cnn,0.62,0.0
cnn,0.625,0.0
cnn,0.63,0.0
cnn,0.635,0.0
cnn,0.64,0.0
cnn,0.645,0.0
cnn,0.65,0.0
cnn,0.655,0.0
cnn,0.66,0.0
cnn,0.665,0.0
cnn,0.67,0.0
cnn,0.675,0.0
cnn,0.68,0.0
cnn,0.685,0.0
cnn,0.69,0.0
cnn,0.695,0.0
cnn,0.7,4.8e-05
cnn,0.705,4.7e-05
cnn,0.71,4.7e-05
cnn,0.715,4.7e-05
cnn,0.72,4.6e-05
cnn,0.725,4.6e-05
cnn,0.73,4.6e-05
cnn,0.735,4.5e-05
cnn,0.74,9e-05
cnn,0.745,8.9e-05
cnn,0.75,8.9e-05
cnn,0.755,8.8e-05
cnn,0.76,8.8e-05
cnn,0.765,0.000131
cnn,0.77,0.000173
cnn,0.775,0.000172
cnn,0.78,0.000171
cnn,0.785,0.00017
cnn,0.79,0.000211
cnn,0.795,0.00021
cnn,0.8,0.000208
cnn,0.805,0.000207
cnn,0.81,0.000206
cnn,0.815,0.000204
cnn,0.82,0.000203
cnn,0.825,0.000202
cnn,0.83,0.000201
cnn,0.835,0.00024
cnn,0.84,0.000238
cnn,0.845,0.000237
cnn,0.85,0.000235
cnn,0.855,0.000273
cnn,0.86,0.000271
cnn,0.865,0.00027
cnn,0.87,0.000345
cnn,0.875,0.000381
cnn,0.88,0.000379
cnn,0.885,0.000452
cnn,0.89,0.000449
cnn,0.895,0.000447
cnn,0.9,0.000519
cnn,0.905,0.000552
cnn,0.91,0.000586
cnn,0.915,0.000729
cnn,0.92,0.000725
cnn,0.925,0.000829
cnn,0.93,0.001039
cnn,0.935,0.001212
cnn,0.94,0.001383
cnn,0.945,0.001552
cnn,0.95,0.001719
cnn,0.955,0.00199
cnn,0.96,0.002118
cnn,0.965,0.002453
cnn,0.97,0.002887
cnn,0.975,0.003487
cnn,0.98,0.004524
cnn,0.985,0.005787
cnn,0.99,0.00734
cnn,0.995,0.00928
cnn,1.0,0.011867
