model,seed,params,epochs_run,best_epoch,train_seconds,val_accuracy,test_accuracy,test_errors,test_nll,test_ece
mlp,0,109386,10,8,37.6,0.974496,0.9772,228,0.074188,0.005285
mlp,1,109386,10,8,28.8,0.973662,0.9768,232,0.078802,0.005169
mlp,2,109386,10,8,28.2,0.974162,0.9772,228,0.074635,0.003874
cnn,0,225034,6,4,241.6,0.987665,0.9893,107,0.031523,0.001799
cnn,1,225034,6,4,240.8,0.985831,0.987,130,0.039478,0.003471
cnn,2,225034,6,4,196.5,0.987498,0.9881,119,0.035527,0.001989
mlp_wide,0,235146,9,7,45.4,0.976996,0.9787,213,0.072905,0.007551
mlp_wide,1,235146,6,4,30.8,0.971829,0.9737,263,0.085469,0.004287
mlp_wide,2,235146,6,4,40.4,0.974996,0.9785,215,0.070016,0.004401
