model,seed,shift_px,accuracy
mlp,0,0,0.9772
mlp,0,1,0.935963
mlp,0,2,0.705987
mlp,0,3,0.405975
mlp,0,4,0.206825
mlp,1,0,0.9768
mlp,1,1,0.92935
mlp,1,2,0.71005
mlp,1,3,0.401587
mlp,1,4,0.193112
mlp,2,0,0.9772
mlp,2,1,0.935175
mlp,2,2,0.713812
mlp,2,3,0.408237
mlp,2,4,0.1981
cnn,0,0,0.9893
cnn,0,1,0.978988
cnn,0,2,0.904138
cnn,0,3,0.677037
cnn,0,4,0.422425
cnn,1,0,0.987
cnn,1,1,0.976225
cnn,1,2,0.899887
cnn,1,3,0.668087
cnn,1,4,0.415975
cnn,2,0,0.9881
cnn,2,1,0.9753
cnn,2,2,0.890463
cnn,2,3,0.671087
cnn,2,4,0.43315
mlp_wide,0,0,0.9787
mlp_wide,0,1,0.943712
mlp_wide,0,2,0.738325
mlp_wide,0,3,0.439387
mlp_wide,0,4,0.222188
mlp_wide,1,0,0.9737
mlp_wide,1,1,0.923975
mlp_wide,1,2,0.688512
mlp_wide,1,3,0.400888
mlp_wide,1,4,0.199988
mlp_wide,2,0,0.9785
mlp_wide,2,1,0.93125
mlp_wide,2,2,0.700113
mlp_wide,2,3,0.399263
mlp_wide,2,4,0.19335
